alias,numcoffeemen,numreviews,fraccof
103rd-street-coffee-cart-new-york,2.0,3,0.6666666666666666
11th-street-cafe-new-york,62.0,100,0.62
12-corners-new-york-4,89.0,108,0.8240740740740741
2beans-new-york,78.0,102,0.7647058823529411
49-st-deli-and-coffee-house-new-york,0.0,3,0.0
52nd-and-lexington-breakfast-cart-new-york,1.0,1,1.0
7-eleven-new-york-16,5.0,18,0.2777777777777778
7-eleven-new-york-17,7.0,14,0.5
7-eleven-new-york-2,7.0,34,0.20588235294117646
7-eleven-new-york-21,8.0,27,0.2962962962962963
7-eleven-new-york-23,2.0,18,0.1111111111111111
7-eleven-new-york-27,3.0,5,0.6
7-eleven-new-york-29,3.0,19,0.15789473684210525
7-eleven-new-york-3,6.0,34,0.17647058823529413
7-eleven-new-york-36,2.0,10,0.2
7-eleven-new-york-37,3.0,11,0.2727272727272727
7-eleven-new-york-39,3.0,6,0.5
7-eleven-new-york-47,3.0,21,0.14285714285714285
7-eleven-new-york-49,1.0,6,0.16666666666666666
7-eleven-new-york-51,8.0,34,0.23529411764705882
7-eleven-new-york-57,0.0,20,0.0
7-eleven-new-york-60,2.0,10,0.2
7-eleven-new-york-7,8.0,26,0.3076923076923077
7-eleven-new-york-73,1.0,8,0.125
7-eleven-new-york-74,3.0,12,0.25
7-eleven-new-york-76,0.0,1,0.0
7-eleven-new-york-85,0.0,2,0.0
787-coffee-new-york-2,38.0,40,0.95
787-coffee-new-york-3,20.0,22,0.9090909090909091
787-coffee-new-york-4,6.0,6,1.0
787-coffee-new-york-5,14.0,17,0.8235294117647058
87-st-deli-new-york,0.0,1,0.0
abingdon-market-new-york,0.0,8,0.0
about-coffee-new-york-2,65.0,68,0.9558823529411765
about-coffee-new-york-3,30.0,35,0.8571428571428571
ad-hoc-collective-new-york,28.0,40,0.7
aleef-cafe-new-york,5.0,18,0.2777777777777778
alices-tea-cup-to-go-brooklyn,7.0,16,0.4375
alidoro-new-york-2,3.0,40,0.075
alidoro-new-york-6,1.0,6,0.16666666666666666
allegro-coffee-company-new-york,1.0,1,1.0
allegro-coffee-roasters-new-york,11.0,13,0.8461538461538461
american-coffee-new-york,1.0,1,1.0
amorino-gelato-new-york-6,10.0,40,0.25
amy-s-bread-at-nypl-new-york,2.0,3,0.6666666666666666
amys-bread-new-york,3.0,20,0.15
amys-bread-new-york-4,6.0,40,0.15
après-ski-chalet-new-york,1.0,7,0.14285714285714285
argo-tea-cafe-new-york-8,11.0,32,0.34375
argo-tea-new-york-2,11.0,40,0.275
argo-tea-new-york-4,18.0,33,0.5454545454545454
ariccia-new-york,8.0,13,0.6153846153846154
aroma-espresso-bar-new-york-4,54.0,100,0.54
ashbys-new-york,9.0,40,0.225
ateaz-organic-coffee-and-tea-upper-east-side-new-york,50.0,75,0.6666666666666666
atlas-cafe-and-bakery-new-york-2,16.0,40,0.4
audrey-bakery-and-cafe-new-york-2,1.0,20,0.05
audreys-coffee-and-sandwich-shop-brooklyn,0.0,1,0.0
b-cup-café-new-york-5,34.0,40,0.85
bagel-bobs-on-york-new-york,10.0,100,0.1
bagel-boss-murray-hill-new-york,8.0,40,0.2
bagels-and-schmear-new-york,3.0,40,0.075
bakery-on-3rd-cafe-new-york,9.0,39,0.23076923076923078
bambu-new-york,2.0,8,0.25
bandit-coffee-new-york-4,1.0,1,1.0
bandit-new-york-6,23.0,27,0.8518518518518519
bangklyn-east-harlem-new-york-2,6.0,100,0.06
banter-new-york,22.0,60,0.36666666666666664
banter-new-york-3,16.0,31,0.5161290322580645
bao-by-kaya-new-york-4,0.0,40,0.0
barachou-new-york,13.0,46,0.2826086956521739
barclay-street-cafe-new-york-2,8.0,15,0.5333333333333333
barnes-and-noble-new-york-3,30.0,100,0.3
bay-market-kitchen-new-york,1.0,1,1.0
bean-and-bean-new-york,83.0,100,0.83
bean-and-bean-new-york-3,80.0,100,0.8
bean-coffee-and-tea-new-york,2.0,2,1.0
beanocchio-cafe-new-york,58.0,100,0.58
beard-papas-new-york,7.0,100,0.07
bearin-wheel-pie-new-york,0.0,40,0.0
besfren-new-york,11.0,40,0.275
best-bagel-and-coffee-new-york,25.0,113,0.22123893805309736
bg-restaurant-new-york-2,3.0,40,0.075
bibble-and-sip-new-york-2,4.0,20,0.2
bibble-and-sip-new-york-5,41.0,116,0.35344827586206895
billys-bakery-new-york-2,1.0,20,0.05
bin-no-220-new-york,2.0,40,0.05
birch-coffee-new-york-10,63.0,70,0.9
birch-coffee-new-york-11,89.0,100,0.89
birch-coffee-new-york-14,48.0,55,0.8727272727272727
birch-coffee-new-york-16,38.0,43,0.8837209302325582
birch-coffee-new-york-17,11.0,12,0.9166666666666666
birch-coffee-new-york-19,1.0,1,1.0
birch-coffee-new-york-21,2.0,2,1.0
birch-coffee-new-york-7,92.0,102,0.9019607843137255
birch-coffee-new-york-8,95.0,100,0.95
birch-coffee-new-york-9,89.0,100,0.89
bird-and-branch-new-york,87.0,110,0.7909090909090909
bistro-market-place-new-york-2,4.0,40,0.1
bistro-new-york-international-new-york,0.0,1,0.0
bistro-new-york-international-new-york-5,0.0,2,0.0
black-6-coffee-new-york,2.0,2,1.0
black-fox-coffee-new-york,82.0,102,0.803921568627451
black-fox-coffee-new-york-4,10.0,11,0.9090909090909091
black-press-coffee-new-york,80.0,89,0.898876404494382
black-press-coffee-new-york-3,43.0,45,0.9555555555555556
black-star-bakery-and-cafe-long-island-city,72.0,100,0.72
black-star-bakery-and-cafe-new-york-2,24.0,33,0.7272727272727273
blackstone-coffee-roasters-new-york,44.0,63,0.6984126984126984
blank-slate-coffee-kitchen-new-york-3,51.0,104,0.49038461538461536
blank-slate-midtown-new-york,37.0,70,0.5285714285714286
blank-slate-tea-new-york,60.0,102,0.5882352941176471
blue-and-gold-deli-new-york-2,6.0,26,0.23076923076923078
blue-bottle-coffee-new-york-10,36.0,39,0.9230769230769231
blue-bottle-coffee-new-york-11,89.0,100,0.89
blue-bottle-coffee-new-york-14,37.0,42,0.8809523809523809
blue-bottle-coffee-new-york-15,34.0,40,0.85
blue-bottle-coffee-new-york-16,23.0,28,0.8214285714285714
blue-bottle-coffee-new-york-17,6.0,6,1.0
blue-bottle-coffee-new-york-18,36.0,42,0.8571428571428571
blue-bottle-coffee-new-york-20,22.0,24,0.9166666666666666
blue-bottle-coffee-new-york-22,15.0,16,0.9375
blue-bottle-coffee-new-york-25,6.0,6,1.0
blue-bottle-coffee-new-york-26,2.0,5,0.4
blue-bottle-coffee-new-york-3,86.0,101,0.8514851485148515
blue-bottle-coffee-new-york-6,93.0,100,0.93
blue-bottle-coffee-new-york-8,32.0,40,0.8
blue-java-new-york,2.0,2,1.0
blue-java-new-york-2,1.0,1,1.0
blue-spoon-coffee-new-york,72.0,100,0.72
blue-star-coffee-new-york,1.0,1,1.0
blue-stripes-cacao-shop-new-york,10.0,20,0.5
bluestockings-new-york,21.0,60,0.35
bluestone-lane-bowery-cafe-new-york,1.0,4,0.25
bluestone-lane-brooklyn,78.0,102,0.7647058823529411
bluestone-lane-new-york-10,81.0,102,0.7941176470588235
bluestone-lane-new-york-11,75.0,100,0.75
bluestone-lane-new-york-17,79.0,105,0.7523809523809524
bluestone-lane-new-york-19,49.0,93,0.5268817204301075
bluestone-lane-new-york-20,42.0,54,0.7777777777777778
bluestone-lane-new-york-21,76.0,100,0.76
bluestone-lane-new-york-22,33.0,40,0.825
bluestone-lane-new-york-24,14.0,18,0.7777777777777778
bluestone-lane-new-york-25,49.0,100,0.49
bluestone-lane-new-york-27,18.0,21,0.8571428571428571
bluestone-lane-new-york-28,20.0,35,0.5714285714285714
bluestone-lane-new-york-3,54.0,105,0.5142857142857142
bluestone-lane-new-york-32,4.0,9,0.4444444444444444
bluestone-lane-new-york-5,77.0,101,0.7623762376237624
bluestone-lane-new-york-7,52.0,100,0.52
bluestone-lane-new-york-8,53.0,100,0.53
bluestone-lane-new-york-9,37.0,54,0.6851851851851852
boba-dumbo-brooklyn,1.0,8,0.125
boba-guys-new-york,15.0,60,0.25
bon-vivant-new-york-new-york-3,26.0,44,0.5909090909090909
bonjour-crepes-and-wine-new-york,16.0,100,0.16
bonjour-crepes-and-wine-new-york-2,26.0,100,0.26
bonmi-new-york-3,2.0,40,0.05
bonsai-kakigōri-new-york-3,15.0,60,0.25
book-club-new-york,15.0,17,0.8823529411764706
boris-and-horton-new-york,31.0,40,0.775
bosie-new-york,7.0,60,0.11666666666666667
boule-and-cherie-new-york,75.0,100,0.75
box-kite-coffee-new-york-4,94.0,100,0.94
bread-and-spread-dumbo,3.0,40,0.075
breads-bakery-new-york-13,6.0,40,0.15
breads-bakery-new-york-9,36.0,101,0.3564356435643564
bridge-coffee-shop-new-york,7.0,27,0.25925925925925924
brigadeiro-bakery-new-york-3,36.0,100,0.36
broadway-au-lait-new-york,31.0,46,0.6739130434782609
brooklyn-bagel-and-coffee-company-new-york-8,4.0,40,0.1
brooklyn-diamond-coffee-new-york,76.0,89,0.8539325842696629
brooklyn-diamond-coffee-new-york-5,24.0,27,0.8888888888888888
brooklyn-roasting-company-brooklyn-11,19.0,24,0.7916666666666666
brooklyn-roasting-company-brooklyn-2,98.0,105,0.9333333333333333
brooklyn-roasting-company-new-york,93.0,103,0.9029126213592233
brothers-bakery-cafe-new-york,18.0,71,0.2535211267605634
browns-bagels-new-york,7.0,40,0.175
brownsville-roasters-new-york,17.0,19,0.8947368421052632
buongiorno-espresso-bar-new-york,62.0,78,0.7948717948717948
by-the-way-bakery-new-york,8.0,100,0.08
bāng-bar-new-york-3,5.0,40,0.125
c-and-b-at-paper-daisy-new-york,1.0,2,0.5
c-and-b-new-york,19.0,40,0.475
cafe-900-new-york,1.0,1,1.0
cafe-aloaf-new-york,9.0,20,0.45
cafe-belle-new-york,40.0,60,0.6666666666666666
cafe-bleriot-xi-new-york,55.0,68,0.8088235294117647
cafe-bravo-new-york-3,3.0,20,0.15
cafe-d-avignon-the-plaza-new-york,9.0,24,0.375
cafe-gitane-brooklyn,1.0,7,0.14285714285714285
cafe-grumpy-new-york-10,44.0,47,0.9361702127659575
cafe-grumpy-new-york-12,31.0,35,0.8857142857142857
cafe-grumpy-new-york-6,36.0,40,0.9
cafe-hanamizuki-new-york,49.0,103,0.47572815533980584
cafe-la-cerra-new-york-2,4.0,4,1.0
cafe-noi-new-york,63.0,100,0.63
cafe-olympia-new-york,11.0,40,0.275
cafe-patoro-new-york,73.0,100,0.73
cafe-patoro-new-york-2,1.0,2,0.5
cafe-sabarsky-new-york-4,67.0,100,0.67
cafe-serai-new-york-2,6.0,13,0.46153846153846156
cafe-space-212-new-york,2.0,18,0.1111111111111111
cafe-zaiya-new-york-10,53.0,103,0.5145631067961165
cafecito-to-go-new-york,4.0,5,0.8
caffe-aronne-manhattan,1.0,2,0.5
caffe-bene-new-york-18,19.0,51,0.37254901960784315
caffe-bene-new-york-34,46.0,82,0.5609756097560976
caffe-bene-new-york-37,42.0,100,0.42
caffe-bon-greenwich-3,0.0,2,0.0
caffe-marchio-new-york-2,47.0,60,0.7833333333333333
caffe-palermo-new-york-2,32.0,103,0.3106796116504854
caffe-roma-pastry-new-york,51.0,100,0.51
caffe-vergnano-new-york,15.0,17,0.8823529411764706
caffe-vita-lower-east-side-new-york,52.0,60,0.8666666666666667
caffettino-new-york-2,1.0,1,1.0
caffè-panna-new-york,59.0,106,0.5566037735849056
café-angelique-new-york-3,65.0,100,0.65
café-by-shiki-nyc-new-york,3.0,5,0.6
café-east-new-york-2,14.0,27,0.5185185185185185
café-fledermaus-new-york-2,19.0,26,0.7307692307692307
café-grumpy-new-york-4,94.0,100,0.94
café-integral-new-york-2,76.0,84,0.9047619047619048
café-leon-dore-new-york,4.0,4,1.0
café-m-new-york-2,66.0,101,0.6534653465346535
calaveras-cafe-nyc-new-york-2,1.0,1,1.0
camellia-milk-tea-new-york-2,0.0,7,0.0
capital-one-bank-new-york-77,17.0,26,0.6538461538461539
capo-new-york,9.0,9,1.0
carb-cart-new-york,1.0,1,1.0
carnegie-cup-cafe-new-york-2,14.0,22,0.6363636363636364
casa-java-new-york,5.0,7,0.7142857142857143
casa-toscana-new-york-7,0.0,1,0.0
central-market-new-york-6,2.0,8,0.25
cha-cha-matcha-new-york-13,31.0,67,0.4626865671641791
cha-cha-matcha-new-york-14,5.0,8,0.625
cha-cha-matcha-new-york-8,31.0,112,0.2767857142857143
cha-cha-matcha-new-york-9,49.0,105,0.4666666666666667
chalait-new-york-11,22.0,38,0.5789473684210527
champion-coffee-new-york-2,12.0,14,0.8571428571428571
champion-coffee-new-york-3,18.0,21,0.8571428571428571
champion-coffee-new-york-4,13.0,17,0.7647058823529411
charley-st-new-york,36.0,105,0.34285714285714286
charlies-grill-manhattan,0.0,8,0.0
chez-nick-new-york,1.0,16,0.0625
chikalicious-dessert-bar-new-york-3,4.0,60,0.06666666666666667
chillhouse-cafe-new-york,15.0,18,0.8333333333333334
chip-nyc-new-york-9,3.0,40,0.075
chipilo-new-york,1.0,26,0.038461538461538464
chobani-soho-new-york,25.0,107,0.2336448598130841
choco-love-nuts-new-york-2,4.0,7,0.5714285714285714
chokolat-patisserie-new-york,12.0,37,0.32432432432432434
château-le-woof-astoria-2,74.0,98,0.7551020408163265
citizens-of-chelsea-new-york,39.0,111,0.35135135135135137
city-of-saints-coffee-roasters-new-york-5,0.0,1,0.0
city-perk-new-york-2,1.0,4,0.25
classic-coffee-shop-new-york,26.0,44,0.5909090909090909
claudias-coffee-shop-new-york,4.0,4,1.0
clovelly-coffee-new-york,11.0,11,1.0
coco-fresh-tea-and-juice-new-york-12,4.0,40,0.1
coco-fresh-tea-and-juice-new-york-2,6.0,39,0.15384615384615385
coco-fresh-tea-and-juice-new-york-21,1.0,30,0.03333333333333333
coco-fresh-tea-and-juice-new-york-23,1.0,5,0.2
coco-fresh-tea-and-juice-new-york-24,1.0,26,0.038461538461538464
coco-fresh-tea-and-juice-new-york-7,3.0,40,0.075
coco-moka-cafe-new-york-2,6.0,7,0.8571428571428571
cofesta-new-york-3,37.0,44,0.8409090909090909
coffee-and-green-queens,1.0,2,0.5
coffee-associates-edgewater,0.0,1,0.0
coffee-at-le-district-new-york,14.0,17,0.8235294117647058
coffee-cart-manhattan-4,1.0,1,1.0
coffee-cart-manhattan-5,1.0,1,1.0
coffee-cart-new-york-3,2.0,2,1.0
coffee-cart-on-120th-and-bdwy-new-york,4.0,6,0.6666666666666666
coffee-cart-on-35th-and-5th-new-york,2.0,3,0.6666666666666666
coffee-cart-on-58th-and-3rd-new-york,1.0,1,1.0
coffee-place-new-york,1.0,1,1.0
coffee-project-new-york-new-york-3,60.0,63,0.9523809523809523
coffee-truck-new-york,1.0,1,1.0
communitea-long-island-city-6,59.0,100,0.59
corner-gourmet-ii-new-york,3.0,37,0.08108108108108109
corner-slice-new-york,5.0,100,0.05
corporate-coffee-systems-new-york,1.0,2,0.5
corrado-bread-and-pastry-new-york,39.0,101,0.38613861386138615
corvo-coffee-new-york-2,84.0,103,0.8155339805825242
corvo-coffee-new-york-4,33.0,48,0.6875
cosmic-diner-new-york-3,3.0,40,0.075
cranberrys-brooklyn,55.0,100,0.55
creme-new-york-2,9.0,10,0.9
crepes-and-waffles-new-york-2,0.0,2,0.0
cucina-and-company-new-york,18.0,100,0.18
culture-36-new-york-2,81.0,100,0.81
culture-espresso-new-york,80.0,101,0.7920792079207921
culture-espresso-new-york-3,43.0,49,0.8775510204081632
cup-and-cup-new-york,86.0,102,0.8431372549019608
cupcake-cafe-new-york,42.0,103,0.4077669902912621
d-and-c-coffee-manhattan,1.0,1,1.0
d-and-m-bakery-inc-new-york,1.0,4,0.25
da-capo-columbus-new-york,38.0,100,0.38
dai-dung-cafe-new-york,1.0,1,1.0
daily-bagel-new-york,14.0,100,0.14
daily-goods-new-york,1.0,6,0.16666666666666666
dan-jones-new-york,31.0,38,0.8157894736842105
david-rubenstein-atrium-new-york,34.0,83,0.40963855421686746
davidovich-bakery-new-york-2,11.0,40,0.275
davidstea-new-york-6,2.0,40,0.05
davidstea-new-york-7,10.0,39,0.2564102564102564
davidstea-new-york-8,9.0,40,0.225
dear-mama-coffee-new-york,64.0,100,0.64
debutea-mini-new-york-3,1.0,7,0.14285714285714285
debutea-new-york,7.0,40,0.175
delicious-bakery-new-york,7.0,40,0.175
demitasse-coffee-and-tea-new-york,79.0,96,0.8229166666666666
den-social-cafe-new-york,22.0,27,0.8148148148148148
devocion-new-york,82.0,92,0.8913043478260869
devocion-new-york-2,8.0,9,0.8888888888888888
dggd-coffee-shop-downtown-brooklyn,5.0,5,1.0
dinos-coffee-shop-new-york,5.0,12,0.4166666666666667
don-paco-lopez-panaderia-new-york-2,0.0,1,0.0
donna-bells-bake-shop-new-york,8.0,40,0.2
double-crispy-bakery-new-york,3.0,40,0.075
doughnut-plant-new-york-2,6.0,40,0.15
doughnut-plant-new-york-5,8.0,40,0.2
doughnut-plant-new-york-6,16.0,60,0.26666666666666666
doughnuttery-new-york,0.0,40,0.0
dr-smood-broadway-organic-cafe-new-york,29.0,101,0.2871287128712871
dr-smood-fashion-district-organic-cafe-new-york,0.0,4,0.0
dr-smood-lexington-organic-cafe-new-york,48.0,101,0.4752475247524752
dr-smood-madison-organic-cafe-new-york,37.0,103,0.3592233009708738
dr-smood-murray-street-new-york,1.0,3,0.3333333333333333
dr-smood-orchard-organic-cafe-new-york,19.0,40,0.475
dr-smood-soho-organic-cafe-new-york-3,42.0,101,0.4158415841584158
dreamers-coffee-house-new-york,5.0,7,0.7142857142857143
dripped-coffee-new-york,12.0,14,0.8571428571428571
dtut-new-york,60.0,100,0.6
dubl-twister-new-york,2.0,5,0.4
dunkin-donut-new-york-4,3.0,13,0.23076923076923078
dunkin-donuts-baskin-robbins-new-york-17,2.0,7,0.2857142857142857
dunkin-donuts-new-york-131,6.0,25,0.24
dunkin-donuts-new-york-66,1.0,4,0.25
dunkin-edgewater,4.0,9,0.4444444444444444
dunkin-long-island-city-11,13.0,32,0.40625
dunkin-manhattan-2,0.0,1,0.0
dunkin-new-york-10,12.0,27,0.4444444444444444
dunkin-new-york-100,0.0,1,0.0
dunkin-new-york-101,5.0,10,0.5
dunkin-new-york-102,8.0,16,0.5
dunkin-new-york-103,12.0,21,0.5714285714285714
dunkin-new-york-105,7.0,16,0.4375
dunkin-new-york-106,9.0,18,0.5
dunkin-new-york-107,16.0,39,0.41025641025641024
dunkin-new-york-108,22.0,42,0.5238095238095238
dunkin-new-york-109,24.0,49,0.4897959183673469
dunkin-new-york-11,11.0,26,0.4230769230769231
dunkin-new-york-111,7.0,23,0.30434782608695654
dunkin-new-york-112,15.0,44,0.3409090909090909
dunkin-new-york-113,10.0,20,0.5
dunkin-new-york-114,9.0,15,0.6
dunkin-new-york-115,6.0,17,0.35294117647058826
dunkin-new-york-116,6.0,11,0.5454545454545454
dunkin-new-york-119,16.0,37,0.43243243243243246
dunkin-new-york-12,8.0,25,0.32
dunkin-new-york-120,4.0,9,0.4444444444444444
dunkin-new-york-121,1.0,3,0.3333333333333333
dunkin-new-york-122,2.0,4,0.5
dunkin-new-york-123,7.0,21,0.3333333333333333
dunkin-new-york-124,6.0,20,0.3
dunkin-new-york-126,3.0,20,0.15
dunkin-new-york-127,18.0,26,0.6923076923076923
dunkin-new-york-128,9.0,18,0.5
dunkin-new-york-13,5.0,13,0.38461538461538464
dunkin-new-york-130,12.0,27,0.4444444444444444
dunkin-new-york-131,8.0,20,0.4
dunkin-new-york-132,5.0,13,0.38461538461538464
dunkin-new-york-133,8.0,12,0.6666666666666666
dunkin-new-york-134,9.0,14,0.6428571428571429
dunkin-new-york-136,6.0,20,0.3
dunkin-new-york-137,10.0,29,0.3448275862068966
dunkin-new-york-138,12.0,29,0.41379310344827586
dunkin-new-york-139,5.0,12,0.4166666666666667
dunkin-new-york-142,6.0,12,0.5
dunkin-new-york-143,10.0,23,0.43478260869565216
dunkin-new-york-144,5.0,16,0.3125
dunkin-new-york-148,17.0,24,0.7083333333333334
dunkin-new-york-15,18.0,23,0.782608695652174
dunkin-new-york-150,17.0,28,0.6071428571428571
dunkin-new-york-151,11.0,26,0.4230769230769231
dunkin-new-york-152,9.0,16,0.5625
dunkin-new-york-153,9.0,19,0.47368421052631576
dunkin-new-york-155,18.0,34,0.5294117647058824
dunkin-new-york-157,5.0,8,0.625
dunkin-new-york-16,2.0,3,0.6666666666666666
dunkin-new-york-161,5.0,20,0.25
dunkin-new-york-162,1.0,2,0.5
dunkin-new-york-163,6.0,21,0.2857142857142857
dunkin-new-york-164,10.0,18,0.5555555555555556
dunkin-new-york-165,24.0,58,0.41379310344827586
dunkin-new-york-166,11.0,40,0.275
dunkin-new-york-17,6.0,15,0.4
dunkin-new-york-170,10.0,12,0.8333333333333334
dunkin-new-york-171,9.0,16,0.5625
dunkin-new-york-172,1.0,3,0.3333333333333333
dunkin-new-york-173,5.0,5,1.0
dunkin-new-york-174,14.0,26,0.5384615384615384
dunkin-new-york-175,1.0,2,0.5
dunkin-new-york-176,0.0,1,0.0
dunkin-new-york-18,2.0,9,0.2222222222222222
dunkin-new-york-19,2.0,12,0.16666666666666666
dunkin-new-york-20,4.0,18,0.2222222222222222
dunkin-new-york-22,10.0,30,0.3333333333333333
dunkin-new-york-23,10.0,20,0.5
dunkin-new-york-24,6.0,12,0.5
dunkin-new-york-25,9.0,24,0.375
dunkin-new-york-27,5.0,12,0.4166666666666667
dunkin-new-york-28,6.0,16,0.375
dunkin-new-york-29,3.0,3,1.0
dunkin-new-york-3,0.0,1,0.0
dunkin-new-york-30,14.0,29,0.4827586206896552
dunkin-new-york-32,12.0,28,0.42857142857142855
dunkin-new-york-33,1.0,3,0.3333333333333333
dunkin-new-york-34,7.0,22,0.3181818181818182
dunkin-new-york-36,10.0,29,0.3448275862068966
dunkin-new-york-39,1.0,10,0.1
dunkin-new-york-40,1.0,3,0.3333333333333333
dunkin-new-york-41,18.0,51,0.35294117647058826
dunkin-new-york-42,15.0,27,0.5555555555555556
dunkin-new-york-43,7.0,16,0.4375
dunkin-new-york-44,3.0,4,0.75
dunkin-new-york-45,9.0,24,0.375
dunkin-new-york-46,5.0,17,0.29411764705882354
dunkin-new-york-47,11.0,33,0.3333333333333333
dunkin-new-york-49,6.0,12,0.5
dunkin-new-york-5,1.0,1,1.0
dunkin-new-york-50,11.0,26,0.4230769230769231
dunkin-new-york-51,2.0,7,0.2857142857142857
dunkin-new-york-52,1.0,2,0.5
dunkin-new-york-53,13.0,22,0.5909090909090909
dunkin-new-york-54,0.0,1,0.0
dunkin-new-york-55,0.0,1,0.0
dunkin-new-york-56,11.0,24,0.4583333333333333
dunkin-new-york-57,4.0,11,0.36363636363636365
dunkin-new-york-58,1.0,1,1.0
dunkin-new-york-6,3.0,5,0.6
dunkin-new-york-60,2.0,7,0.2857142857142857
dunkin-new-york-61,3.0,11,0.2727272727272727
dunkin-new-york-62,12.0,24,0.5
dunkin-new-york-65,6.0,12,0.5
dunkin-new-york-66,6.0,14,0.42857142857142855
dunkin-new-york-68,3.0,12,0.25
dunkin-new-york-69,6.0,14,0.42857142857142855
dunkin-new-york-70,9.0,21,0.42857142857142855
dunkin-new-york-71,11.0,28,0.39285714285714285
dunkin-new-york-72,5.0,12,0.4166666666666667
dunkin-new-york-73,13.0,25,0.52
dunkin-new-york-74,2.0,9,0.2222222222222222
dunkin-new-york-76,24.0,52,0.46153846153846156
dunkin-new-york-78,4.0,9,0.4444444444444444
dunkin-new-york-79,1.0,3,0.3333333333333333
dunkin-new-york-8,3.0,8,0.375
dunkin-new-york-80,2.0,7,0.2857142857142857
dunkin-new-york-81,0.0,7,0.0
dunkin-new-york-82,5.0,14,0.35714285714285715
dunkin-new-york-84,12.0,26,0.46153846153846156
dunkin-new-york-86,1.0,4,0.25
dunkin-new-york-87,7.0,10,0.7
dunkin-new-york-88,12.0,43,0.27906976744186046
dunkin-new-york-89,11.0,19,0.5789473684210527
dunkin-new-york-9,8.0,16,0.5
dunkin-new-york-90,7.0,19,0.3684210526315789
dunkin-new-york-92,11.0,31,0.3548387096774194
dunkin-new-york-93,17.0,35,0.4857142857142857
dunkin-new-york-94,8.0,20,0.4
dunkin-new-york-95,9.0,20,0.45
dunkin-new-york-97,10.0,15,0.6666666666666666
dunkin-new-york-98,12.0,30,0.4
dunkin-north-bergen-5,1.0,2,0.5
dunkin-weehawken,1.0,5,0.2
easy-victor-cafe-new-york,7.0,10,0.7
eat-pretty-new-york-4,15.0,18,0.8333333333333334
eclair-bakery-new-york,23.0,102,0.22549019607843138
effys-kitchen-new-york-2,23.0,100,0.23
el-barrista-cafe-new-york-2,18.0,19,0.9473684210526315
el-chevere-bakery-new-york,3.0,15,0.2
elis-essentials-new-york-6,10.0,47,0.2127659574468085
elis-essentials-new-york-7,4.0,16,0.25
elis-night-shift-new-york-3,13.0,81,0.16049382716049382
elsewhere-espresso-new-york,34.0,40,0.85
evantinas-coffee-cart-new-york,1.0,1,1.0
everyman-espresso-new-york,38.0,40,0.95
everyman-espresso-new-york-2,92.0,101,0.9108910891089109
feed-shop-and-cafe-brooklyn-2,17.0,19,0.8947368421052632
feed-your-soul-cafe-new-york,10.0,12,0.8333333333333334
felix-roasting-co-new-york-3,91.0,100,0.91
feroce-caffè-new-york-6,7.0,10,0.7
fiat-cafe-new-york,27.0,110,0.24545454545454545
filicori-zecchini-new-york-5,16.0,20,0.8
financier-patisserie-new-york-30,34.0,70,0.4857142857142857
financier-patisserie-new-york-33,33.0,100,0.33
financier-patisserie-new-york-34,42.0,101,0.4158415841584158
financier-patisserie-new-york-35,44.0,100,0.44
finn-s-bagels-new-york,11.0,40,0.275
five-and-dime-new-york,48.0,86,0.5581395348837209
five-stuy-cafe-new-york,46.0,66,0.696969696969697
flora-coffee-new-york,21.0,24,0.875
flour-shop-new-york-2,3.0,40,0.075
for-five-coffee-roasters-new-york-2,89.0,101,0.8811881188118812
for-five-coffee-roasters-new-york-9,8.0,11,0.7272727272727273
frame-gourmet-eatery-new-york,8.0,40,0.2
frenchy-coffee-nyc-new-york,70.0,86,0.813953488372093
fresh-food-corner-new-york,0.0,15,0.0
friends-café-and-deli-new-york-2,0.0,1,0.0
frisson-espresso-new-york,96.0,101,0.9504950495049505
future-you-café-new-york,36.0,40,0.9
gasoline-alley-coffee-new-york,14.0,20,0.7
gasoline-alley-coffee-new-york-2,74.0,80,0.925
gasoline-alley-coffee-new-york-3,39.0,44,0.8863636363636364
gasoline-alley-coffee-new-york-4,7.0,8,0.875
gc-egg-rolls-house-new-york,7.0,25,0.28
giacomo-s-new-york,11.0,36,0.3055555555555556
go-cups-new-york,5.0,76,0.06578947368421052
golden-carriage-bakery-new-york,1.0,1,1.0
golden-manna-bakery-new-york,8.0,35,0.22857142857142856
golden-steamer-new-york,15.0,60,0.25
gong-cha-soho-new-york,0.0,15,0.0
good-tea-water-new-york-3,0.0,1,0.0
good-thanks-nyc-new-york,44.0,100,0.44
gotan-chelsea-new-york-4,21.0,44,0.4772727272727273
gotan-midtown-new-york-2,43.0,102,0.4215686274509804
gotham-cafe-new-york,61.0,100,0.61
grab-and-go-new-york,3.0,26,0.11538461538461539
grace-street-new-york,38.0,116,0.3275862068965517
grandlo-cafe-new-york-3,33.0,47,0.7021276595744681
greca-new-york-3,17.0,52,0.3269230769230769
green-e-tea-new-york,0.0,5,0.0
gregorys-coffee-brooklyn-2,45.0,57,0.7894736842105263
gregorys-coffee-new-york,85.0,101,0.8415841584158416
gregorys-coffee-new-york-10,50.0,63,0.7936507936507936
gregorys-coffee-new-york-12,82.0,101,0.8118811881188119
gregorys-coffee-new-york-14,29.0,40,0.725
gregorys-coffee-new-york-17,63.0,86,0.7325581395348837
gregorys-coffee-new-york-18,79.0,100,0.79
gregorys-coffee-new-york-19,59.0,79,0.7468354430379747
gregorys-coffee-new-york-2,82.0,101,0.8118811881188119
gregorys-coffee-new-york-20,87.0,102,0.8529411764705882
gregorys-coffee-new-york-21,76.0,94,0.8085106382978723
gregorys-coffee-new-york-22,35.0,46,0.7608695652173914
gregorys-coffee-new-york-23,60.0,75,0.8
gregorys-coffee-new-york-24,33.0,40,0.825
gregorys-coffee-new-york-26,24.0,34,0.7058823529411765
gregorys-coffee-new-york-29,22.0,30,0.7333333333333333
gregorys-coffee-new-york-3,77.0,101,0.7623762376237624
gregorys-coffee-new-york-31,36.0,44,0.8181818181818182
gregorys-coffee-new-york-32,36.0,48,0.75
gregorys-coffee-new-york-36,5.0,7,0.7142857142857143
gregorys-coffee-new-york-4,81.0,100,0.81
gregorys-coffee-new-york-5,72.0,100,0.72
gregorys-coffee-new-york-6,69.0,87,0.7931034482758621
gregorys-coffee-new-york-8,82.0,101,0.8118811881188119
gregorys-coffee-new-york-9,61.0,73,0.8356164383561644
ground-central-new-york,87.0,102,0.8529411764705882
ground-central-new-york-3,89.0,101,0.8811881188118812
ground-central-new-york-4,94.0,101,0.9306930693069307
ground-central-new-york-5,91.0,100,0.91
ground-central-new-york-7,2.0,2,1.0
ground-support-new-york,89.0,104,0.8557692307692307
grounded-new-york,41.0,51,0.803921568627451
gs-cafe-new-york,3.0,3,1.0
guggenheim-museum-cafe-new-york,11.0,18,0.6111111111111112
guy-and-gallard-new-york-178,1.0,2,0.5
guy-and-gallard-new-york-7,11.0,40,0.275
gypsy-tea-kettle-new-york,0.0,1,0.0
handcraft-coffee-new-york-2,80.0,100,0.8
happy-bones-nyc-new-york,100.0,110,0.9090909090909091
harbs-new-york-13,26.0,102,0.2549019607843137
harbs-new-york-2,9.0,40,0.225
harbs-upper-east-side-new-york-2,18.0,100,0.18
harney-and-sons-soho-new-york,16.0,60,0.26666666666666666
hawa-smoothies-and-bubble-tea-new-york,1.0,40,0.025
healthy-market-new-york,0.0,11,0.0
heart-of-tea-manhattan,0.0,1,0.0
herb-nkitchen-new-york,0.0,1,0.0
hex-and-company-new-york,22.0,50,0.44
hex-and-company-new-york-2,7.0,21,0.3333333333333333
hi-collar-new-york-2,35.0,60,0.5833333333333334
high-street-on-hudson-new-york,6.0,40,0.15
hiline-coffee-new-york-6,79.0,102,0.7745098039215687
homefront-deli-new-york-2,2.0,40,0.05
hotel-chocolat-new-york,4.0,40,0.1
hungarian-pastry-shop-new-york,28.0,60,0.4666666666666667
hungry-ghost-coffee-new-york,10.0,15,0.6666666666666666
hutch-and-waldo-new-york,63.0,100,0.63
i-milky-沐白-new-york,9.0,40,0.225
iconic-cafe-new-york-5,24.0,36,0.6666666666666666
iconic-cafe-new-york-7,2.0,8,0.25
idea-coffee-new-york-2,73.0,100,0.73
imogene-boutique-new-york,0.0,2,0.0
intelligentsia-coffee-new-york-3,92.0,100,0.92
interlude-coffee-and-tea-new-york,40.0,47,0.851063829787234
intersect-by-lexus-nyc-new-york,9.0,40,0.225
inès-new-york-2,66.0,92,0.717391304347826
inès-new-york-4,1.0,1,1.0
irving-farm-new-york-new-york-10,77.0,100,0.77
irving-farm-new-york-new-york-11,30.0,34,0.8823529411764706
irving-farm-new-york-new-york-12,75.0,100,0.75
irving-farm-new-york-new-york-13,87.0,102,0.8529411764705882
irving-farm-new-york-new-york-14,73.0,85,0.8588235294117647
irving-farm-new-york-new-york-18,5.0,5,1.0
isadoras-cafe-new-york,10.0,40,0.25
ito-en-brooklyn,1.0,7,0.14285714285714285
jacks-stir-brew-coffee-new-york-16,6.0,8,0.75
jackss-coffee-new-york,1.0,1,1.0
jakes-the-knick-new-york,5.0,7,0.7142857142857143
java-girl-new-york,90.0,100,0.9
java-works-new-york,1.0,1,1.0
jimmys-cafe-new-york-2,1.0,1,1.0
jimoto-tea-manhattan-2,0.0,2,0.0
jj-brown-cup-new-york,62.0,100,0.62
joe-and-the-juice-new-york,16.0,60,0.26666666666666666
joe-and-the-juice-new-york-13,32.0,106,0.3018867924528302
joe-and-the-juice-new-york-20,42.0,88,0.4772727272727273
joe-and-the-juice-new-york-24,29.0,77,0.37662337662337664
joe-and-the-juice-new-york-25,23.0,71,0.323943661971831
joe-and-the-juice-new-york-26,16.0,33,0.48484848484848486
joe-and-the-juice-new-york-3,16.0,54,0.2962962962962963
joe-and-the-juice-new-york-31,11.0,29,0.3793103448275862
joe-and-the-juice-new-york-33,2.0,22,0.09090909090909091
joe-and-the-juice-new-york-34,19.0,30,0.6333333333333333
joe-and-the-juice-new-york-35,7.0,19,0.3684210526315789
joe-and-the-juice-new-york-36,7.0,24,0.2916666666666667
joe-and-the-juice-new-york-37,5.0,14,0.35714285714285715
joe-and-the-juice-new-york-39,6.0,10,0.6
joe-and-the-juice-new-york-40,6.0,18,0.3333333333333333
joe-and-the-juice-new-york-5,38.0,103,0.36893203883495146
joe-and-the-juice-new-york-9,40.0,102,0.39215686274509803
joe-coffee-company-brooklyn-2,37.0,46,0.8043478260869565
joe-coffee-company-new-york,4.0,5,0.8
joe-coffee-company-new-york-12,4.0,4,1.0
joe-coffee-company-new-york-13,13.0,15,0.8666666666666667
joe-coffee-company-new-york-14,23.0,23,1.0
joe-coffee-company-new-york-15,20.0,21,0.9523809523809523
joe-coffee-company-new-york-19,1.0,1,1.0
joe-coffee-company-new-york-2,88.0,101,0.8712871287128713
joe-coffee-company-new-york-3,93.0,102,0.9117647058823529
joe-coffee-company-new-york-4,86.0,100,0.86
joe-coffee-company-new-york-5,92.0,100,0.92
joe-coffee-company-new-york-6,87.0,100,0.87
joe-coffee-company-new-york-7,93.0,100,0.93
joe-coffee-company-new-york-9,90.0,100,0.9
joe-coffee-company-pro-shop-new-york,48.0,54,0.8888888888888888
joe-coffee-new-york-28,1.0,1,1.0
joe-coffee-new-york-8,94.0,104,0.9038461538461539
joes-coffee-new-york,3.0,5,0.6
johns-coffee-shop-new-york-8,34.0,100,0.34
juan-valdez-cafe-new-york,86.0,101,0.8514851485148515
judys-spanish-restaurant-new-york-2,12.0,100,0.12
juice-and-joy-organic-coffee-new-york,14.0,24,0.5833333333333334
juice-press-brooklyn-heights,2.0,19,0.10526315789473684
juice-press-new-york,2.0,40,0.05
juice-press-new-york-21,3.0,39,0.07692307692307693
juicy-cube-new-york,1.0,40,0.025
juicy-lucy-juice-bar-new-york,2.0,40,0.05
juicy-spot-cafe-new-york-2,3.0,60,0.05
juliano-gourmet-coffee-new-york,89.0,100,0.89
kabisera-new-york-2,48.0,60,0.8
kafeneo-new-york,3.0,5,0.6
kaffe-1668-new-york-2,1.0,1,1.0
kaffe-1668-new-york-3,74.0,100,0.74
kaffe-1668-new-york-4,27.0,32,0.84375
kaffe-1668-south-new-york,92.0,112,0.8214285714285714
kaffe-a-kaffe-new-york-2,9.0,11,0.8181818181818182
kafi-new-york,2.0,2,1.0
kafi-new-york-2,1.0,1,1.0
kahve-new-york-4,70.0,78,0.8974358974358975
kaigo-coffee-room-brooklyn-4,45.0,52,0.8653846153846154
kaigo-coffee-room-new-york-4,96.0,106,0.9056603773584906
kam-hing-coffee-shop-new-york-2,39.0,108,0.3611111111111111
kava-cafe-new-york,89.0,100,0.89
king-of-greene-street-cafe-manhattan,1.0,1,1.0
kings-street-coffee-new-york,83.0,97,0.8556701030927835
knave-new-york,39.0,101,0.38613861386138615
kobrick-coffee-new-york,33.0,40,0.825
kodawari-coffee-new-york,26.0,31,0.8387096774193549
kofi-coffee-and-bakery-new-york,2.0,2,1.0
kona-coffee-and-company-new-york,37.0,40,0.925
konditori-new-york-10,2.0,3,0.6666666666666666
konditori-new-york-8,41.0,54,0.7592592592592593
korean-red-ginseng-new-york-2,28.0,46,0.6086956521739131
kossars-new-york,6.0,60,0.1
krispy-kreme-new-york-4,5.0,40,0.125
krispy-kreme-new-york-6,3.0,30,0.1
kudo-beans-new-york-3,3.0,3,1.0
kung-fu-tea-new-york-10,1.0,40,0.025
kung-fu-tea-new-york-17,7.0,100,0.07
kung-fu-tea-new-york-18,0.0,40,0.0
kung-fu-tea-new-york-2,1.0,60,0.016666666666666666
kung-fu-tea-new-york-25,2.0,40,0.05
kung-fu-tea-new-york-31,2.0,60,0.03333333333333333
kung-fu-tea-new-york-35,2.0,40,0.05
kung-fu-tea-new-york-36,0.0,6,0.0
kuro-kuma-espresso-and-coffee-new-york,92.0,100,0.92
kuro-obi-canal-street-market-new-york,0.0,40,0.0
kusmi-tea-new-york-2,2.0,18,0.1111111111111111
kusmi-tea-new-york-4,0.0,9,0.0
l-a-burdick-handmade-chocolates-new-york-5,7.0,40,0.175
la-bella-ferrara-cafe-new-york,10.0,60,0.16666666666666666
la-colombe-coffee-new-york,99.0,111,0.8918918918918919
la-colombe-coffee-new-york-2,98.0,103,0.9514563106796117
la-colombe-coffee-new-york-3,89.0,101,0.8811881188118812
la-colombe-coffee-new-york-4,56.0,60,0.9333333333333333
la-colombe-coffee-new-york-5,76.0,88,0.8636363636363636
la-colombe-coffee-new-york-6,59.0,71,0.8309859154929577
la-colombe-coffee-new-york-7,45.0,50,0.9
la-colombe-coffee-new-york-8,90.0,101,0.8910891089108911
la-maison-du-macaron-new-york,41.0,102,0.4019607843137255
labella-ferrara-cafe-new-york,0.0,6,0.0
laishas-coffee-shop-west-new-york,4.0,7,0.5714285714285714
lamano-new-york,3.0,99,0.030303030303030304
landmark-coffee-shop-new-york,5.0,40,0.125
latte-art-new-york,88.0,100,0.88
laughing-man-coffee-and-tea-new-york-3,88.0,100,0.88
lavatera-grill-dumbo-brooklyn,0.0,14,0.0
lavazza-café-new-york,57.0,73,0.7808219178082192
lavazza-premium-coffees-new-york-2,3.0,3,1.0
le-cafe-coffee-new-york-10,10.0,12,0.8333333333333334
le-cafe-coffee-new-york-11,4.0,6,0.6666666666666666
le-cafe-coffee-new-york-4,34.0,40,0.85
le-café-coffee-new-york-2,97.0,105,0.9238095238095239
le-glacier-manhattan,0.0,2,0.0
le-moulin-a-cafe-new-york,45.0,100,0.45
le-pain-quotidien-brooklyn-7,30.0,102,0.29411764705882354
le-pain-quotidien-new-york-124,19.0,80,0.2375
le-pain-quotidien-new-york-126,30.0,100,0.3
le-pain-quotidien-new-york-130,26.0,100,0.26
le-pain-quotidien-new-york-131,36.0,100,0.36
le-pain-quotidien-new-york-132,5.0,20,0.25
le-pain-quotidien-new-york-134,34.0,102,0.3333333333333333
le-pain-quotidien-new-york-135,23.0,61,0.3770491803278688
le-pain-quotidien-new-york-136,23.0,100,0.23
le-pain-quotidien-new-york-139,33.0,100,0.33
le-pain-quotidien-new-york-141,27.0,99,0.2727272727272727
le-pain-quotidien-new-york-142,8.0,40,0.2
le-pain-quotidien-new-york-144,32.0,100,0.32
le-pain-quotidien-new-york-145,29.0,100,0.29
le-pain-quotidien-new-york-146,11.0,40,0.275
le-pain-quotidien-new-york-147,11.0,40,0.275
le-pain-quotidien-new-york-150,12.0,31,0.3870967741935484
le-pain-quotidien-new-york-152,6.0,40,0.15
le-pain-quotidien-new-york-153,11.0,40,0.275
le-pain-quotidien-new-york-154,38.0,100,0.38
le-pain-quotidien-new-york-158,16.0,47,0.3404255319148936
le-pain-quotidien-new-york-159,6.0,40,0.15
le-pain-quotidien-new-york-160,34.0,100,0.34
le-pain-quotidien-new-york-162,28.0,101,0.27722772277227725
le-pain-quotidien-new-york-170,0.0,1,0.0
le-pain-quotidien-new-york-171,6.0,11,0.5454545454545454
le-petit-parisien-new-york,6.0,40,0.15
le-reveil-coffee-new-york-3,72.0,100,0.72
lenwich-new-york-33,0.0,3,0.0
leonidas-new-york-3,37.0,68,0.5441176470588235
leos-bagels-new-york,6.0,40,0.15
levain-bakery-new-york-5,11.0,100,0.11
lil-jays-new-york,2.0,2,1.0
little-bean-coffee-new-york,76.0,87,0.8735632183908046
little-brown-chocolate-bakery-and-coffee-new-york,1.0,5,0.2
little-canal-new-york-2,78.0,100,0.78
little-collins-new-york-3,61.0,100,0.61
little-collins-new-york-4,6.0,7,0.8571428571428571
little-cupcake-bakeshop-new-york-2,8.0,60,0.13333333333333333
lizs-place-new-york,4.0,5,0.8
lollino-gelateria-and-espresso-bar-new-york-4,7.0,40,0.175
lower-east-side-coffee-shop-new-york,11.0,40,0.275
lroom-cafe-new-york-2,50.0,112,0.44642857142857145
lucid-café-new-york-4,89.0,102,0.8725490196078431
lucky-seven-bakery-new-york,0.0,1,0.0
ludlow-coffee-supply-new-york,54.0,56,0.9642857142857143
luna-coffee-shop-new-york,78.0,102,0.7647058823529411
lülü-coffee-co-new-york-23,99.0,100,0.99
lēna-coffee-bar-new-york,76.0,100,0.76
macao-imperial-tea-new-york,1.0,40,0.025
macao-imperial-tea-new-york-2,2.0,40,0.05
macaron-parlour-new-york-3,7.0,60,0.11666666666666667
macaron-parlour-new-york-5,26.0,92,0.2826086956521739
macc-new-york,5.0,10,0.5
macchiato-espresso-bar-new-york,82.0,100,0.82
macchiato-espresso-bar-new-york-6,6.0,8,0.75
made-by-pauline-new-york-2,1.0,20,0.05
made-fresh-daily-new-york,27.0,100,0.27
mademoiselle-new-york-2,2.0,2,1.0
madman-espresso-new-york-4,86.0,101,0.8514851485148515
madman-espresso-new-york-5,63.0,76,0.8289473684210527
magazine-cafe-new-york,11.0,26,0.4230769230769231
mah-ze-dahr-bakery-new-york,17.0,56,0.30357142857142855
maison-kayser-new-york-2,32.0,101,0.31683168316831684
maison-kayser-new-york-29,43.0,100,0.43
maison-kayser-new-york-32,35.0,91,0.38461538461538464
maison-kayser-new-york-36,16.0,45,0.35555555555555557
maison-kayser-new-york-7,33.0,100,0.33
malaparte-new-york,2.0,40,0.05
malibu-diner-new-york,6.0,40,0.15
mama-eatery-new-york,2.0,40,0.05
mama-jos-breakfast-cart-new-york-2,16.0,37,0.43243243243243246
maman-new-york-10,0.0,1,0.0
maman-new-york-8,1.0,2,0.5
maman-new-york-9,19.0,29,0.6551724137931034
maman-nomad-new-york,56.0,102,0.5490196078431373
manhattan-espresso-cafe-new-york,66.0,77,0.8571428571428571
mannys-gourmet-new-york,0.0,3,0.0
manon-café-new-york-2,40.0,46,0.8695652173913043
mapi-espresso-and-sandwich-bar-new-york,19.0,38,0.5
mariebelle-new-york-3,17.0,60,0.2833333333333333
masseria-caffé-and-bakery-new-york-3,40.0,53,0.7547169811320755
matchabar-soho-new-york,24.0,44,0.5454545454545454
matchaful-new-york-5,36.0,69,0.5217391304347826
matto-espresso-new-york-13,19.0,28,0.6785714285714286
matto-espresso-new-york-14,66.0,83,0.7951807228915663
matto-espresso-new-york-15,48.0,70,0.6857142857142857
matto-espresso-new-york-16,57.0,72,0.7916666666666666
matto-espresso-new-york-17,49.0,70,0.7
matto-espresso-new-york-18,39.0,48,0.8125
matto-espresso-new-york-2,19.0,22,0.8636363636363636
matto-espresso-new-york-20,23.0,32,0.71875
matto-espresso-new-york-21,12.0,12,1.0
matto-espresso-new-york-3,36.0,41,0.8780487804878049
mcdonalds-new-york-100,1.0,40,0.025
mcdonalds-new-york-104,1.0,40,0.025
mcdonalds-new-york-105,3.0,40,0.075
mcdonalds-new-york-106,8.0,40,0.2
mcdonalds-new-york-110,1.0,34,0.029411764705882353
mcdonalds-new-york-112,2.0,40,0.05
mcdonalds-new-york-124,5.0,40,0.125
mcdonalds-new-york-129,0.0,18,0.0
mcdonalds-new-york-137,0.0,40,0.0
mcdonalds-new-york-139,7.0,40,0.175
mcdonalds-new-york-144,1.0,20,0.05
mcdonalds-new-york-146,4.0,40,0.1
mcdonalds-new-york-149,2.0,40,0.05
mcdonalds-new-york-150,1.0,40,0.025
mcdonalds-new-york-151,2.0,40,0.05
mcdonalds-new-york-386,2.0,40,0.05
mcdonalds-new-york-389,0.0,24,0.0
mcdonalds-new-york-393,7.0,32,0.21875
mcdonalds-new-york-395,0.0,40,0.0
mcdonalds-new-york-411,3.0,30,0.1
mcdonalds-new-york-419,5.0,35,0.14285714285714285
mcdonalds-new-york-427,4.0,40,0.1
mcdonalds-new-york-429,2.0,20,0.1
mcdonalds-new-york-430,4.0,40,0.1
mcnally-jackson-new-york,65.0,106,0.6132075471698113
mcnultys-tea-and-coffee-co-new-york,32.0,49,0.6530612244897959
melissas-gourmet-new-york,5.0,52,0.09615384615384616
mellow-yellow-new-york-3,49.0,100,0.49
merriweather-coffee-kitchen-new-york,73.0,90,0.8111111111111111
mia-s-bakery-new-york,0.0,40,0.0
milk-bar-mini-fidi-new-york-2,2.0,40,0.05
mille-feuille-bakery-new-york-2,12.0,60,0.2
mille-feuille-bakery-new-york-3,58.0,100,0.58
milo-coffee-shop-new-york,1.0,1,1.0
mocha-coffee-and-juice-bar-new-york,6.0,7,0.8571428571428571
moge-tee-new-york-3,2.0,40,0.05
mona-kitchen-and-market-new-york,12.0,37,0.32432432432432434
morning-star-cafe-midtown,0.0,1,0.0
mos-express-coffee-and-tea-bar-new-york,0.0,1,0.0
msnbc-com-digital-cafe-manhattan,3.0,4,0.75
mud-new-york-3,43.0,60,0.7166666666666667
mudcoffee-truck-new-york,4.0,5,0.8
mudpark-new-york,32.0,35,0.9142857142857143
murray-hill-market-new-york,3.0,40,0.075
möge-tee-fifth-ave-new-york-2,2.0,21,0.09523809523809523
möge-tee-greenwich-village-new-york-4,2.0,20,0.1
national-coffee-association-of-usa-new-york,1.0,1,1.0
native-bean-new-york-2,18.0,40,0.45
natura-cafè-new-york-2,4.0,9,0.4444444444444444
natural-food-deli-new-york,1.0,3,0.3333333333333333
nectar-coffee-shop-new-york,38.0,83,0.4578313253012048
neighborliness-bakery-manhattan,1.0,3,0.3333333333333333
nespresso-boutique-at-bloomingdales-new-york,12.0,22,0.5454545454545454
nespresso-boutique-at-macys-new-york,20.0,36,0.5555555555555556
nespresso-boutique-at-sur-la-table-new-york,6.0,10,0.6
nespresso-boutique-new-york-6,72.0,100,0.72
nespresso-boutique-new-york-7,77.0,100,0.77
new-york-sweets-new-york,11.0,40,0.275
news-bar-cafe-new-york,26.0,40,0.65
niforos-corner-long-island-city,4.0,28,0.14285714285714285
ninos-coffee-and-grill-new-york,4.0,10,0.4
ninth-street-espresso-new-york-10,9.0,9,1.0
ninth-street-espresso-new-york-3,87.0,100,0.87
ninth-street-espresso-new-york-6,93.0,100,0.93
ninth-street-espresso-new-york-7,39.0,40,0.975
ninth-street-espresso-new-york-8,96.0,101,0.9504950495049505
noglu-new-york,17.0,100,0.17
nordstrom-coffee-bar-temporarily-closed-new-york,1.0,1,1.0
nous-espresso-grad-school-cafe-manhattan,11.0,16,0.6875
now-or-never-new-york-3,7.0,8,0.875
nunu-chocolates-new-york-2,5.0,12,0.4166666666666667
nuts-com-new-york,1.0,16,0.0625
nuts-factory-new-york,8.0,20,0.4
ny-jumbo-bagels-new-york,3.0,40,0.075
oakberry-açaí-bar-new-york-2,0.0,2,0.0
oatmeals-new-york-3,8.0,60,0.13333333333333333
ocafe-new-york,68.0,100,0.68
ocd-cafe-new-york,23.0,33,0.696969696969697
oddfellows-ice-cream-new-york-3,35.0,87,0.40229885057471265
office-coffee-new-york-2,19.0,19,1.0
oh-hot-bagels-long-island-city,2.0,10,0.2
old-country-coffee-new-york,83.0,101,0.8217821782178217
ole-and-steen-new-york,35.0,103,0.33980582524271846
ole-and-steen-new-york-4,46.0,90,0.5111111111111111
oliver-coffee-new-york,23.0,27,0.8518518518518519
olives-new-york-3,10.0,40,0.25
olives-new-york-4,29.0,72,0.4027777777777778
olympias-finest-deli-new-york-5,7.0,50,0.14
omars-new-york-2,5.0,8,0.625
on-off-coffee-new-york,1.0,1,1.0
one-girl-cookies-brooklyn-3,54.0,103,0.5242718446601942
open-kitchen-new-york-4,19.0,101,0.18811881188118812
optimistic-cafe-new-york,42.0,51,0.8235294117647058
orens-daily-roast-new-york-12,43.0,53,0.8113207547169812
orens-daily-roast-new-york-14,16.0,17,0.9411764705882353
orens-daily-roast-new-york-15,2.0,2,1.0
orens-daily-roast-new-york-2,90.0,100,0.9
orens-daily-roast-new-york-5,41.0,49,0.8367346938775511
oslo-coffee-roasters-new-york,87.0,100,0.87
oslo-coffee-roasters-new-york-3,11.0,12,0.9166666666666666
ost-cafe-new-york-3,46.0,59,0.7796610169491526
ovenly-brooklyn,33.0,101,0.32673267326732675
ovenly-new-york-2,1.0,40,0.025
pabade-cafe-and-bakery-new-york-2,24.0,28,0.8571428571428571
padoca-bakery-new-york,39.0,100,0.39
paper-coffee-new-york,86.0,97,0.8865979381443299
paradis-to-go-new-york,28.0,100,0.28
paris-baguette-new-york-10,11.0,40,0.275
paris-baguette-new-york-14,9.0,40,0.225
paris-baguette-new-york-2,10.0,40,0.25
paris-baguette-new-york-24,14.0,27,0.5185185185185185
paris-baguette-new-york-25,6.0,14,0.42857142857142855
paris-baguette-new-york-27,0.0,11,0.0
paris-baguette-new-york-28,5.0,6,0.8333333333333334
paris-baguette-new-york-29,6.0,11,0.5454545454545454
paris-baguette-new-york-30,3.0,6,0.5
paris-baguette-new-york-31,2.0,5,0.4
paris-baguette-new-york-4,35.0,104,0.33653846153846156
paris-baguette-new-york-6,10.0,40,0.25
paris-baguette-new-york-7,35.0,100,0.35
paris-baguette-new-york-9,25.0,100,0.25
parker-west-new-york-4,46.0,56,0.8214285714285714
parliament-coffee-new-york,16.0,18,0.8888888888888888
partners-coffee-new-york-3,90.0,100,0.9
partners-coffee-new-york-4,51.0,56,0.9107142857142857
partybus-bakeshop-new-york,1.0,16,0.0625
pasteles-capy-coffee-shop-new-york,2.0,11,0.18181818181818182
patent-coffee-new-york,54.0,56,0.9642857142857143
patis-new-york,3.0,4,0.75
peaky-barista-new-york,41.0,44,0.9318181818181818
peddler-new-york-3,19.0,24,0.7916666666666666
peddler-new-york-4,4.0,4,1.0
peets-cap-one-new-york,19.0,28,0.6785714285714286
peets-coffee-and-tea-new-york-2,2.0,2,1.0
pennylane-coffee-new-york-2,82.0,100,0.82
periscope-coffee-on-john-street-new-york-4,2.0,2,1.0
perk-kafe-new-york,87.0,101,0.8613861386138614
perk-kafe-new-york-3,90.0,99,0.9090909090909091
perk-kafe-new-york-7,12.0,13,0.9230769230769231
petees-pie-company-new-york,0.0,60,0.0
physical-graffitea-new-york,5.0,40,0.125
pick-a-bagel-new-york-17,4.0,20,0.2
pickler-new-york,7.0,40,0.175
pier-i-cafe-new-york,20.0,100,0.2
pisillo-italian-cafe-new-york-3,23.0,31,0.7419354838709677
pit-stop-new-york,0.0,14,0.0
pizza-plus-new-york-7,0.0,13,0.0
playa-bowls-new-york-2,0.0,27,0.0
polosud-gelato-coffee-pastries-new-york,7.0,60,0.11666666666666667
polosud-gelato-coffee-pastries-new-york-2,0.0,2,0.0
porto-rico-importing-co-new-york-3,35.0,40,0.875
porto-rico-importing-company-new-york-2,54.0,60,0.9
posh-pop-bakeshop-new-york-2,6.0,40,0.15
pret-a-manger-new-york,24.0,87,0.27586206896551724
pret-a-manger-new-york-11,18.0,66,0.2727272727272727
pret-a-manger-new-york-12,35.0,100,0.35
pret-a-manger-new-york-13,28.0,100,0.28
pret-a-manger-new-york-18,22.0,68,0.3235294117647059
pret-a-manger-new-york-21,29.0,101,0.2871287128712871
pret-a-manger-new-york-22,8.0,28,0.2857142857142857
pret-a-manger-new-york-23,15.0,42,0.35714285714285715
pret-a-manger-new-york-26,16.0,42,0.38095238095238093
pret-a-manger-new-york-27,6.0,40,0.15
pret-a-manger-new-york-28,24.0,74,0.32432432432432434
pret-a-manger-new-york-30,13.0,42,0.30952380952380953
pret-a-manger-new-york-31,13.0,43,0.3023255813953488
pret-a-manger-new-york-37,15.0,30,0.5
pret-a-manger-new-york-39,17.0,51,0.3333333333333333
pret-a-manger-new-york-4,9.0,40,0.225
pret-a-manger-new-york-42,21.0,66,0.3181818181818182
pret-a-manger-new-york-43,26.0,64,0.40625
pret-a-manger-new-york-44,11.0,31,0.3548387096774194
pret-a-manger-new-york-45,3.0,15,0.2
pret-a-manger-new-york-46,16.0,63,0.25396825396825395
pret-a-manger-new-york-47,8.0,40,0.2
pret-a-manger-new-york-48,29.0,90,0.32222222222222224
pret-a-manger-new-york-49,8.0,34,0.23529411764705882
pret-a-manger-new-york-5,40.0,100,0.4
pret-a-manger-new-york-50,17.0,81,0.20987654320987653
pret-a-manger-new-york-51,37.0,91,0.4065934065934066
pret-a-manger-new-york-52,7.0,19,0.3684210526315789
pret-a-manger-new-york-53,27.0,74,0.36486486486486486
pret-a-manger-new-york-54,24.0,70,0.34285714285714286
pret-a-manger-new-york-55,10.0,40,0.25
pret-a-manger-new-york-59,10.0,40,0.25
pret-a-manger-new-york-62,19.0,52,0.36538461538461536
pret-a-manger-new-york-64,10.0,32,0.3125
pret-a-manger-new-york-66,5.0,12,0.4166666666666667
pret-a-manger-new-york-67,9.0,24,0.375
pret-a-manger-new-york-69,27.0,76,0.35526315789473684
pret-a-manger-new-york-7,23.0,77,0.2987012987012987
pret-a-manger-new-york-70,29.0,68,0.4264705882352941
pret-a-manger-new-york-73,14.0,31,0.45161290322580644
pret-a-manger-new-york-74,19.0,51,0.37254901960784315
pret-a-manger-new-york-76,10.0,24,0.4166666666666667
pret-a-manger-new-york-77,9.0,20,0.45
pret-a-manger-new-york-78,9.0,31,0.2903225806451613
pret-a-manger-new-york-79,12.0,29,0.41379310344827586
pret-a-manger-new-york-81,8.0,17,0.47058823529411764
pret-a-manger-new-york-85,7.0,31,0.22580645161290322
pret-a-manger-new-york-87,6.0,17,0.35294117647058826
pret-a-manger-new-york-88,1.0,7,0.14285714285714285
pret-a-manger-new-york-90,1.0,5,0.2
pret-a-manger-new-york-92,5.0,14,0.35714285714285715
pret-a-manger-new-york-94,2.0,8,0.25
pret-a-manger-new-york-95,1.0,1,1.0
pret-a-manger-new-york-96,1.0,5,0.2
primo-cappuccino-new-york,6.0,11,0.5454545454545454
primo-cappucino-new-york,7.0,9,0.7777777777777778
primos-cafe-breakfast-cart-manhattan,0.0,5,0.0
private-barista-new-york-city,7.0,7,1.0
prodigy-coffee-new-york-2,96.0,100,0.96
proof-coffee-roasters-new-york,92.0,100,0.92
proof-coffee-roasters-new-york-5,85.0,99,0.8585858585858586
proof-coffee-roasters-new-york-7,8.0,8,1.0
proper-food-new-york,2.0,23,0.08695652173913043
proper-food-new-york-3,1.0,8,0.125
publique-espresso-bar-new-york,3.0,3,1.0
pura-vita-super-new-york,0.0,6,0.0
quick-stop-new-york-2,6.0,8,0.75
r-and-r-coffee-new-york,84.0,101,0.8316831683168316
r-babury-coffee-cart-manhattan,1.0,1,1.0
ralphs-coffee-new-york-3,21.0,22,0.9545454545454546
ralphs-coffee-new-york-4,33.0,35,0.9428571428571428
ralphs-coffee-new-york-5,17.0,18,0.9444444444444444
ramini-espresso-bar-and-cafe-new-york,89.0,104,0.8557692307692307
rapha-new-york-new-york,19.0,29,0.6551724137931034
rebel-coffee-new-york,89.0,100,0.89
recolte-new-york-2,42.0,100,0.42
red-fleece-cafe-new-york-3,85.0,100,0.85
red-fleece-cafe-new-york-4,12.0,12,1.0
remi-43-new-york-2,4.0,6,0.6666666666666666
remi-flower-and-coffee-new-york-2,94.0,104,0.9038461538461539
rex-new-york-2,75.0,101,0.7425742574257426
reys-deli-new-york,1.0,4,0.25
rise-cafe-delancey-new-york,19.0,26,0.7307692307692307
ritual-kava-new-york,0.0,1,0.0
roastbean-coffee-new-york,13.0,19,0.6842105263157895
roasting-plant-new-york-4,69.0,73,0.9452054794520548
roastown-coffee-new-york,12.0,24,0.5
robusta-espresso-bar-new-york-3,1.0,1,1.0
rohrs-house-of-fine-teas-and-coffees-new-york,1.0,1,1.0
romeo-and-juliet-colombian-coffee-new-york,83.0,100,0.83
round-k-new-york,55.0,60,0.9166666666666666
rubys-cafe-new-york-2,12.0,60,0.2
russ-and-daughters-cafe-new-york-5,22.0,60,0.36666666666666664
sahara-east-new-york-2,3.0,80,0.0375
saigon-shack-new-york,3.0,60,0.05
saltwater-coffee-new-york,36.0,40,0.9
saltwater-coffee-new-york-2,5.0,8,0.625
salvos-family-market-new-york,0.0,3,0.0
sanpanino-new-york,2.0,40,0.05
sant-ambroeus-coffee-bar-at-hanley-new-york-2,17.0,26,0.6538461538461539
sant-ambroeus-coffee-bar-at-loews-regency-hotel-new-york-3,43.0,66,0.6515151515151515
sant-ambroeus-new-york,39.0,100,0.39
sant-ambroeus-west-village-new-york,4.0,40,0.1
saturday-surfer-new-york,4.0,5,0.8
saturdays-nyc-coffee-bar-new-york,69.0,75,0.92
saturdays-surf-nyc-new-york-2,22.0,32,0.6875
sawada-coffee-new-york,30.0,35,0.8571428571428571
schmackarys-new-york,3.0,40,0.075
schmackarys-new-york-4,3.0,36,0.08333333333333333
senbird-tea-new-york-2,0.0,2,0.0
seven-grams-caffe-new-york-3,84.0,101,0.8316831683168316
seven-grams-caffe-new-york-6,29.0,33,0.8787878787878788
seven-grams-caffe-new-york-7,60.0,73,0.821917808219178
seven-marketplace-new-york,2.0,16,0.125
shoe-bar-new-york-3,1.0,3,0.3333333333333333
signature-cafe-bar-new-york,3.0,7,0.42857142857142855
silk-road-cafe-new-york,16.0,40,0.4
silver-moon-bakery-new-york,29.0,100,0.29
simit-sarayi-new-york-2,1.0,1,1.0
simon-sips-new-york-4,97.0,107,0.9065420560747663
skyline-gourmet-deli-new-york,3.0,40,0.075
sliced-new-york-2,6.0,100,0.06
smile-to-go-new-york-2,19.0,60,0.31666666666666665
smile-to-go-new-york-8,16.0,43,0.37209302325581395
smith-deli-new-york,1.0,1,1.0
softbite-new-york,8.0,40,0.2
sosnoff-cafe-new-york,3.0,3,1.0
spice-professors-new-york-3,0.0,8,0.0
spices-and-tease-new-york-3,0.0,25,0.0
spiritea-new-york-3,4.0,40,0.1
spot-dessert-bar-new-york-2,11.0,60,0.18333333333333332
spot-dessert-bar-new-york-3,1.0,40,0.025
springbone-kitchen-new-york,5.0,40,0.125
springbone-kitchen-new-york-3,6.0,29,0.20689655172413793
st-kilda-coffee-new-york,95.0,100,0.95
st-kilda-coffee-new-york-3,15.0,16,0.9375
starbucks-brooklyn-17,32.0,66,0.48484848484848486
starbucks-brooklyn-21,29.0,67,0.43283582089552236
starbucks-brooklyn-40,24.0,45,0.5333333333333333
starbucks-brooklyn-6,46.0,100,0.46
starbucks-brooklyn-78,1.0,9,0.1111111111111111
starbucks-edgewater-2,51.0,100,0.51
starbucks-edgewater-7,7.0,10,0.7
starbucks-new-york-105,16.0,33,0.48484848484848486
starbucks-new-york-109,26.0,40,0.65
starbucks-new-york-114,20.0,39,0.5128205128205128
starbucks-new-york-119,25.0,44,0.5681818181818182
starbucks-new-york-120,45.0,100,0.45
starbucks-new-york-121,33.0,71,0.4647887323943662
starbucks-new-york-123,25.0,67,0.373134328358209
starbucks-new-york-124,50.0,100,0.5
starbucks-new-york-125,25.0,53,0.4716981132075472
starbucks-new-york-128,20.0,40,0.5
starbucks-new-york-131,18.0,46,0.391304347826087
starbucks-new-york-134,48.0,100,0.48
starbucks-new-york-137,28.0,63,0.4444444444444444
starbucks-new-york-138,14.0,43,0.32558139534883723
starbucks-new-york-139,9.0,39,0.23076923076923078
starbucks-new-york-140,32.0,65,0.49230769230769234
starbucks-new-york-143,40.0,81,0.49382716049382713
starbucks-new-york-144,47.0,100,0.47
starbucks-new-york-147,0.0,2,0.0
starbucks-new-york-148,13.0,37,0.35135135135135137
starbucks-new-york-149,39.0,85,0.4588235294117647
starbucks-new-york-151,29.0,51,0.5686274509803921
starbucks-new-york-152,26.0,58,0.4482758620689655
starbucks-new-york-153,44.0,101,0.43564356435643564
starbucks-new-york-154,24.0,42,0.5714285714285714
starbucks-new-york-155,24.0,36,0.6666666666666666
starbucks-new-york-158,34.0,60,0.5666666666666667
starbucks-new-york-161,7.0,15,0.4666666666666667
starbucks-new-york-162,32.0,82,0.3902439024390244
starbucks-new-york-164,22.0,42,0.5238095238095238
starbucks-new-york-165,33.0,66,0.5
starbucks-new-york-166,20.0,38,0.5263157894736842
starbucks-new-york-168,48.0,100,0.48
starbucks-new-york-173,14.0,37,0.3783783783783784
starbucks-new-york-176,21.0,54,0.3888888888888889
starbucks-new-york-180,15.0,35,0.42857142857142855
starbucks-new-york-181,31.0,55,0.5636363636363636
starbucks-new-york-188,22.0,52,0.4230769230769231
starbucks-new-york-189,27.0,66,0.4090909090909091
starbucks-new-york-193,30.0,74,0.40540540540540543
starbucks-new-york-194,1.0,9,0.1111111111111111
starbucks-new-york-196,22.0,47,0.46808510638297873
starbucks-new-york-198,9.0,31,0.2903225806451613
starbucks-new-york-204,46.0,100,0.46
starbucks-new-york-206,25.0,54,0.46296296296296297
starbucks-new-york-210,16.0,40,0.4
starbucks-new-york-214,21.0,58,0.3620689655172414
starbucks-new-york-215,21.0,44,0.4772727272727273
starbucks-new-york-217,24.0,48,0.5
starbucks-new-york-218,35.0,61,0.5737704918032787
starbucks-new-york-220,31.0,70,0.44285714285714284
starbucks-new-york-222,20.0,34,0.5882352941176471
starbucks-new-york-224,26.0,60,0.43333333333333335
starbucks-new-york-225,26.0,55,0.4727272727272727
starbucks-new-york-227,26.0,58,0.4482758620689655
starbucks-new-york-228,4.0,16,0.25
starbucks-new-york-229,17.0,40,0.425
starbucks-new-york-232,29.0,69,0.42028985507246375
starbucks-new-york-234,21.0,39,0.5384615384615384
starbucks-new-york-239,9.0,19,0.47368421052631576
starbucks-new-york-240,12.0,27,0.4444444444444444
starbucks-new-york-241,21.0,36,0.5833333333333334
starbucks-new-york-250,10.0,18,0.5555555555555556
starbucks-new-york-253,18.0,40,0.45
starbucks-new-york-256,31.0,64,0.484375
starbucks-new-york-263,24.0,52,0.46153846153846156
starbucks-new-york-264,22.0,40,0.55
starbucks-new-york-266,20.0,50,0.4
starbucks-new-york-268,30.0,58,0.5172413793103449
starbucks-new-york-273,38.0,83,0.4578313253012048
starbucks-new-york-278,49.0,100,0.49
starbucks-new-york-290,16.0,39,0.41025641025641024
starbucks-new-york-294,18.0,41,0.43902439024390244
starbucks-new-york-295,16.0,43,0.37209302325581395
starbucks-new-york-300,33.0,63,0.5238095238095238
starbucks-new-york-303,18.0,47,0.3829787234042553
starbucks-new-york-306,25.0,54,0.46296296296296297
starbucks-new-york-307,31.0,56,0.5535714285714286
starbucks-new-york-308,36.0,100,0.36
starbucks-new-york-310,32.0,54,0.5925925925925926
starbucks-new-york-314,24.0,50,0.48
starbucks-new-york-315,35.0,69,0.5072463768115942
starbucks-new-york-318,11.0,30,0.36666666666666664
starbucks-new-york-322,33.0,65,0.5076923076923077
starbucks-new-york-327,38.0,65,0.5846153846153846
starbucks-new-york-329,22.0,51,0.43137254901960786
starbucks-new-york-331,37.0,79,0.46835443037974683
starbucks-new-york-335,26.0,69,0.37681159420289856
starbucks-new-york-342,36.0,72,0.5
starbucks-new-york-343,19.0,36,0.5277777777777778
starbucks-new-york-345,23.0,59,0.3898305084745763
starbucks-new-york-346,8.0,20,0.4
starbucks-new-york-347,41.0,89,0.4606741573033708
starbucks-new-york-348,25.0,55,0.45454545454545453
starbucks-new-york-350,14.0,26,0.5384615384615384
starbucks-new-york-352,41.0,69,0.5942028985507246
starbucks-new-york-354,22.0,60,0.36666666666666664
starbucks-new-york-355,20.0,40,0.5
starbucks-new-york-360,6.0,25,0.24
starbucks-new-york-361,35.0,58,0.603448275862069
starbucks-new-york-362,22.0,52,0.4230769230769231
starbucks-new-york-366,20.0,45,0.4444444444444444
starbucks-new-york-367,29.0,52,0.5576923076923077
starbucks-new-york-372,20.0,35,0.5714285714285714
starbucks-new-york-373,11.0,39,0.28205128205128205
starbucks-new-york-377,14.0,40,0.35
starbucks-new-york-379,26.0,57,0.45614035087719296
starbucks-new-york-380,21.0,38,0.5526315789473685
starbucks-new-york-381,16.0,31,0.5161290322580645
starbucks-new-york-384,12.0,31,0.3870967741935484
starbucks-new-york-386,27.0,40,0.675
starbucks-new-york-387,12.0,33,0.36363636363636365
starbucks-new-york-389,17.0,31,0.5483870967741935
starbucks-new-york-392,43.0,100,0.43
starbucks-new-york-395,25.0,48,0.5208333333333334
starbucks-new-york-396,14.0,28,0.5
starbucks-new-york-397,21.0,44,0.4772727272727273
starbucks-new-york-400,20.0,40,0.5
starbucks-new-york-404,24.0,45,0.5333333333333333
starbucks-new-york-415,19.0,47,0.40425531914893614
starbucks-new-york-417,22.0,42,0.5238095238095238
starbucks-new-york-423,11.0,34,0.3235294117647059
starbucks-new-york-426,38.0,81,0.4691358024691358
starbucks-new-york-428,20.0,40,0.5
starbucks-new-york-430,13.0,27,0.48148148148148145
starbucks-new-york-433,23.0,50,0.46
starbucks-new-york-434,6.0,13,0.46153846153846156
starbucks-new-york-437,23.0,42,0.5476190476190477
starbucks-new-york-441,25.0,56,0.44642857142857145
starbucks-new-york-443,20.0,54,0.37037037037037035
starbucks-new-york-444,21.0,44,0.4772727272727273
starbucks-new-york-445,27.0,58,0.46551724137931033
starbucks-new-york-446,24.0,47,0.5106382978723404
starbucks-new-york-447,24.0,50,0.48
starbucks-new-york-448,14.0,29,0.4827586206896552
starbucks-new-york-451,16.0,36,0.4444444444444444
starbucks-new-york-457,33.0,76,0.4342105263157895
starbucks-new-york-459,10.0,16,0.625
starbucks-new-york-464,24.0,37,0.6486486486486487
starbucks-new-york-467,28.0,57,0.49122807017543857
starbucks-new-york-469,17.0,32,0.53125
starbucks-new-york-470,14.0,27,0.5185185185185185
starbucks-new-york-474,28.0,46,0.6086956521739131
starbucks-new-york-480,12.0,34,0.35294117647058826
starbucks-new-york-481,6.0,21,0.2857142857142857
starbucks-new-york-487,26.0,49,0.5306122448979592
starbucks-new-york-493,14.0,28,0.5
starbucks-new-york-494,5.0,12,0.4166666666666667
starbucks-new-york-495,32.0,61,0.5245901639344263
starbucks-new-york-496,23.0,47,0.48936170212765956
starbucks-new-york-499,1.0,5,0.2
starbucks-new-york-500,19.0,43,0.4418604651162791
starbucks-new-york-501,4.0,20,0.2
starbucks-new-york-503,5.0,23,0.21739130434782608
starbucks-new-york-504,10.0,25,0.4
starbucks-new-york-505,9.0,23,0.391304347826087
starbucks-new-york-506,17.0,46,0.3695652173913043
starbucks-new-york-511,14.0,27,0.5185185185185185
starbucks-new-york-516,21.0,64,0.328125
starbucks-new-york-519,2.0,6,0.3333333333333333
starbucks-new-york-522,3.0,7,0.42857142857142855
starbucks-new-york-524,17.0,30,0.5666666666666667
starbucks-new-york-526,5.0,6,0.8333333333333334
starbucks-new-york-528,6.0,12,0.5
starbucks-new-york-529,14.0,26,0.5384615384615384
starbucks-new-york-530,8.0,19,0.42105263157894735
starbucks-new-york-531,20.0,26,0.7692307692307693
starbucks-new-york-532,26.0,59,0.4406779661016949
starbucks-new-york-534,9.0,17,0.5294117647058824
starbucks-new-york-535,52.0,93,0.5591397849462365
starbucks-new-york-536,4.0,9,0.4444444444444444
starbucks-new-york-537,6.0,19,0.3157894736842105
starbucks-new-york-539,3.0,7,0.42857142857142855
starbucks-new-york-540,11.0,19,0.5789473684210527
starbucks-new-york-541,27.0,57,0.47368421052631576
starbucks-new-york-543,0.0,1,0.0
starbucks-new-york-544,6.0,9,0.6666666666666666
starbucks-new-york-545,7.0,12,0.5833333333333334
starbucks-new-york-546,3.0,5,0.6
starbucks-new-york-548,23.0,58,0.39655172413793105
starbucks-new-york-549,1.0,1,1.0
starbucks-new-york-551,2.0,3,0.6666666666666666
starbucks-new-york-553,13.0,38,0.34210526315789475
starbucks-new-york-554,14.0,30,0.4666666666666667
starbucks-new-york-555,9.0,24,0.375
starbucks-new-york-556,12.0,18,0.6666666666666666
starbucks-new-york-557,6.0,22,0.2727272727272727
starbucks-new-york-558,17.0,30,0.5666666666666667
starbucks-new-york-561,12.0,33,0.36363636363636365
starbucks-new-york-562,19.0,41,0.4634146341463415
starbucks-new-york-563,23.0,51,0.45098039215686275
starbucks-new-york-564,24.0,49,0.4897959183673469
starbucks-new-york-565,9.0,28,0.32142857142857145
starbucks-new-york-566,16.0,29,0.5517241379310345
starbucks-new-york-567,16.0,28,0.5714285714285714
starbucks-new-york-568,2.0,5,0.4
starbucks-new-york-570,1.0,3,0.3333333333333333
starbucks-new-york-573,7.0,22,0.3181818181818182
starbucks-new-york-574,5.0,14,0.35714285714285715
starbucks-new-york-575,3.0,8,0.375
starbucks-new-york-577,7.0,10,0.7
starbucks-new-york-585,0.0,3,0.0
starbucks-new-york-586,1.0,2,0.5
starbucks-new-york-590,5.0,6,0.8333333333333334
starbucks-new-york-595,1.0,1,1.0
starbucks-ny,14.0,39,0.358974358974359
starbucks-pickup-new-york,1.0,2,0.5
starbucks-reserve-new-york-3,21.0,38,0.5526315789473685
starbucks-reserve-new-york-4,20.0,38,0.5263157894736842
starbucks-reserve-new-york-5,38.0,99,0.3838383838383838
starbucks-west-new-york,29.0,50,0.58
stella-and-fly-new-york,52.0,80,0.65
stone-street-coffee-company-manhattan,67.0,74,0.9054054054054054
storico-new-york,18.0,100,0.18
stumptown-coffee-roasters-new-york,87.0,101,0.8613861386138614
stumptown-coffee-roasters-new-york-2,40.0,45,0.8888888888888888
sullivan-street-tea-and-spice-company-manhattan,3.0,40,0.075
summers-soho-new-york,27.0,66,0.4090909090909091
sunburst-espresso-bar-new-york,42.0,106,0.39622641509433965
sunday-to-sunday-new-york-2,2.0,2,1.0
sunflower-espresso-bar-new-york,1.0,1,1.0
suns-organic-garden-new-york-2,1.0,60,0.016666666666666666
super-nice-coffee-and-bakery-new-york-3,43.0,55,0.7818181818181819
swallow-cafe-brooklyn-4,0.0,1,0.0
sweet-churros-new-york-2,1.0,40,0.025
sweet-corner-bakeshop-new-york,13.0,51,0.2549019607843137
sweet-corner-new-york,1.0,1,1.0
sweet-moment-new-york,55.0,119,0.46218487394957986
sweetleaf-long-island-city-3,78.0,100,0.78
sweetleaf-long-island-city-4,70.0,100,0.7
t2-new-york,1.0,40,0.025
t2-tea-new-york-3,0.0,9,0.0
table-866-new-york,1.0,2,0.5
takahachi-bakery-new-york,30.0,111,0.2702702702702703
tap-nyc-new-york,29.0,100,0.29
taylor-st-baristas-new-york,80.0,104,0.7692307692307693
taza-cafe-and-deli-new-york,3.0,40,0.075
tbaar-new-york-12,2.0,16,0.125
tea-and-sympathy-new-york,4.0,40,0.1
tea-drunk-new-york-2,4.0,40,0.1
tea-magic-new-york-2,9.0,100,0.09
teado-tea-shop-new-york-6,3.0,60,0.05
telegraphe-cafe-new-york-3,66.0,101,0.6534653465346535
tenny-and-betsy-tea-and-pop-ups-new-york,10.0,74,0.13513513513513514
terremoto-coffee-new-york,84.0,93,0.9032258064516129
the-alley-new-york-2,2.0,40,0.05
the-bagel-mill-new-york,11.0,100,0.11
the-bar-and-lounge-new-york,0.0,1,0.0
the-basque-bakery-new-york,0.0,1,0.0
the-bean-new-york-12,26.0,40,0.65
the-bean-new-york-15,6.0,9,0.6666666666666666
the-cibo-new-york,2.0,33,0.06060606060606061
the-coffee-inn-new-york,90.0,100,0.9
the-coffee-pot-new-york-2,33.0,35,0.9428571428571428
the-donut-pub-new-york-7,8.0,40,0.2
the-dough-club-new-york,7.0,60,0.11666666666666667
the-doughnut-project-new-york,5.0,60,0.08333333333333333
the-doughnut-project-new-york-5,29.0,100,0.29
the-elk-new-york,88.0,101,0.8712871287128713
the-fashion-chef-new-york,2.0,6,0.3333333333333333
the-flame-diner-new-york-2,7.0,40,0.175
the-good-kind-new-york,15.0,20,0.75
the-granddaddy-new-york-2,36.0,40,0.9
the-great-american-bagel-bakery-new-york,4.0,25,0.16
the-grey-dog-new-york-6,10.0,40,0.25
the-grey-dog-nolita-new-york-3,13.0,60,0.21666666666666667
the-grey-dog-union-square-new-york,24.0,66,0.36363636363636365
the-jeffrey-craft-beer-and-bites-new-york,3.0,40,0.075
the-jolly-goat-coffee-bar-new-york,95.0,103,0.9223300970873787
the-kopi-trading-co-new-york-4,35.0,41,0.8536585365853658
the-lazy-llama-coffee-bar-new-york-2,76.0,89,0.8539325842696629
the-marlton-espresso-bar-new-york,8.0,15,0.5333333333333333
the-princess-cafe-new-york,1.0,1,1.0
the-sensuous-bean-new-york,77.0,86,0.8953488372093024
the-uncommons-new-york,22.0,60,0.36666666666666664
the-wooly-daily-new-york,61.0,73,0.8356164383561644
the-zodiac-room-new-york-2,3.0,18,0.16666666666666666
think-coffee-bowery-new-york,83.0,100,0.83
think-coffee-new-york-10,80.0,91,0.8791208791208791
think-coffee-new-york-13,81.0,89,0.9101123595505618
think-coffee-new-york-15,46.0,51,0.9019607843137255
think-coffee-new-york-16,11.0,13,0.8461538461538461
think-coffee-new-york-17,3.0,3,1.0
think-coffee-new-york-2,35.0,41,0.8536585365853658
think-coffee-new-york-3,87.0,100,0.87
think-coffee-new-york-4,80.0,101,0.7920792079207921
think-coffee-new-york-5,88.0,102,0.8627450980392157
think-coffee-new-york-8,6.0,6,1.0
third-rail-coffee-new-york,57.0,60,0.95
third-rail-coffee-new-york-2,34.0,40,0.85
three-jewels-cafe-new-york-2,13.0,14,0.9285714285714286
tianti-books-new-york,67.0,100,0.67
tim-hortons-new-york-7,22.0,37,0.5945945945945946
time-cafe-new-york-6,9.0,11,0.8181818181818182
tisane-pharmacy-and-cafe-new-york,20.0,30,0.6666666666666666
tisserie-new-york-2,73.0,101,0.7227722772277227
tlc-tea-house-new-york,0.0,2,0.0
tokuyama-salon-café-new-york,27.0,31,0.8709677419354839
tolstoy-alexandra-new-york,1.0,1,1.0
tonys-coffee-cart-manhattan,5.0,6,0.8333333333333334
tous-les-jours-new-york-3,12.0,40,0.3
tous-les-jours-new-york-4,9.0,40,0.225
tropic-berry-cafe-new-york-3,5.0,10,0.5
tulo-house-new-york,10.0,15,0.6666666666666666
turkish-coffee-cart-new-york,2.0,2,1.0
tutt-cafe-brooklyn,8.0,40,0.2
two-little-red-hens-new-york-4,2.0,100,0.02
u-tea-new-york,1.0,24,0.041666666666666664
ugc-eats-new-york,65.0,84,0.7738095238095238
uncle-pauls-pizza-new-york,0.0,40,0.0
underline-coffee-new-york,87.0,102,0.8529411764705882
urban-backyard-new-york,84.0,102,0.8235294117647058
urbanspace-at-570-lex-new-york,5.0,40,0.125
ut47-new-york-3,54.0,102,0.5294117647058824
v-nam-cafe-new-york,10.0,60,0.16666666666666666
van-leeuwen-ice-cream-new-york-10,1.0,100,0.01
van-leeuwen-ice-cream-new-york-23,4.0,60,0.06666666666666667
van-leeuwen-ice-cream-new-york-24,8.0,99,0.08080808080808081
van-leeuwen-ice-cream-new-york-39,6.0,40,0.15
van-leeuwen-ice-cream-new-york-6,2.0,60,0.03333333333333333
van-leeuwen-ice-cream-new-york-7,1.0,40,0.025
variety-coffee-roasters-new-york-4,54.0,63,0.8571428571428571
via-trenta-pizzoteca-new-york-2,3.0,22,0.13636363636363635
vin-sur-vingt-new-york-5,2.0,58,0.034482758620689655
vivi-bubble-tea-new-york-10,1.0,40,0.025
vivi-bubble-tea-new-york-3,4.0,100,0.04
voyager-espresso-new-york,92.0,100,0.92
washington-square-diner-new-york,7.0,40,0.175
wattle-cafe-new-york,46.0,100,0.46
wattle-cafe-new-york-2,1.0,4,0.25
waypoint-cafe-new-york,18.0,28,0.6428571428571429
we-bagel-long-island-city,12.0,40,0.3
westside-coffee-shop-new-york,10.0,40,0.25
whistle-and-fizz-new-york-4,41.0,60,0.6833333333333333
xxx-coffee-new-york,3.0,4,0.75
yanni-s-coffee-new-york,60.0,65,0.9230769230769231
yaya-tea-garden-new-york-3,4.0,60,0.06666666666666667
yaya-tea-garden-new-york-6,5.0,60,0.08333333333333333
yours-truly-new-york-4,77.0,87,0.8850574712643678
yura-new-york,4.0,4,1.0
yuras-blue-plate-new-york,21.0,100,0.21
zannys-cafe-new-york,12.0,20,0.6
zaros-family-bakery-grand-central-terminal-track-34-new-york,8.0,22,0.36363636363636365
zibetto-espresso-bar-new-york,84.0,101,0.8316831683168316
zibetto-espresso-bar-new-york-4,76.0,82,0.926829268292683
zibetto-espresso-bar-new-york-7,8.0,8,1.0
zoni-cafe-new-york-8,5.0,23,0.21739130434782608
zuckers-bagels-and-smoked-fish-new-york-10,6.0,40,0.15
zuckers-bagels-and-smoked-fish-new-york-7,10.0,100,0.1
épicerie-boulud-new-york-7,22.0,51,0.43137254901960786
